dest_id,state,destination,county,mie,lodging_oct,daily_oct,lodging_nov,daily_nov,lodging_dec,daily_dec,lodging_jan,daily_jan,lodging_feb,daily_feb,lodging_mar,daily_mar,lodging_apr,daily_apr,lodging_may,daily_may,lodging_jun,daily_jun,lodging_jul,daily_jul,lodging_aug,daily_aug,lodging_sep,daily_sep
0,CONUS,Standard CONUS,All counties not specifically listed,68,110,178,110,178,110,178,110,178,110,178,110,178,110,178,110,178,110,178,110,178,110,178,110,178
1,AL,Birmingham,Jefferson,80,126,206,126,206,126,206,126,206,126,206,126,206,126,206,126,206,126,206,126,206,126,206,126,206
2,AL,Gulf Shores,Baldwin,74,134,208,134,208,134,208,134,208,134,208,163,237,163,237,163,237,216,290,216,290,134,208,134,208
3,AL,Huntsville,Madison,74,141,215,141,215,141,215,141,215,141,215,141,215,134,208,134,208,134,208,134,208,141,215,141,215
6,AR,Hot Springs,Garland,68,114,182,114,182,114,182,114,182,114,182,114,182,114,182,114,182,114,182,114,182,114,182,114,182
8,AZ,Kayenta,Navajo,74,145,219,145,219,145,219,145,219,145,219,145,219,145,219,145,219,145,219,145,219,145,219,145,219
9,AZ,Grand Canyon / Flagstaff,Coconino / Yavapai less the city of Sedona,80,144,224,110,190,110,190,110,190,110,190,144,224,144,224,144,224,144,224,144,224,144,224,144,224
10,AZ,Phoenix / Scottsdale,Maricopa,86,160,246,160,246,160,246,160,246,229,315,229,315,161,247,161,247,113,199,113,199,113,199,160,246
11,AZ,Sedona,City Limits of Sedona,92,213,305,213,305,213,305,164,256,164,256,274,366,274,366,183,275,183,275,183,275,183,275,213,305
12,AZ,Tucson,Pima,80,123,203,123,203,123,203,171,251,171,251,171,251,123,203,123,203,123,203,123,203,123,203,123,203
14,CA,Antioch / Brentwood / Concord,Contra Costa,86,147,233,147,233,147,233,147,233,147,233,147,233,147,233,147,233,147,233,147,233,147,233,147,233
16,CA,Barstow / Ontario / Victorville,San Bernardino,86,124,210,124,210,124,210,124,210,124,210,124,210,124,210,124,210,124,210,124,210,124,210,124,210
20,CA,Death Valley,Inyo / NAWS China Lake,80,142,222,142,222,142,222,142,222,142,222,142,222,142,222,142,222,142,222,142,222,142,222,142,222
21,CA,Fresno,Fresno,86,129,215,129,215,129,215,129,215,129,215,129,215,129,215,129,215,129,215,129,215,129,215,129,215
22,CA,Los Angeles,Los Angeles / Orange / Ventura / Edwards AFB less the city of Santa Monica,86,191,277,191,277,191,277,191,277,191,277,191,277,191,277,191,277,191,277,191,277,191,277,191,277
23,CA,Mammoth Lakes,Mono,86,139,225,139,225,195,281,195,281,195,281,195,281,139,225,139,225,139,225,139,225,139,225,139,225
24,CA,Mill Valley / San Rafael / Novato,Marin,92,153,245,153,245,153,245,153,245,153,245,153,245,153,245,153,245,175,267,175,267,175,267,175,267
26,CA,Monterey,Monterey,92,191,283,191,283,191,283,191,283,199,291,199,291,199,291,199,291,199,291,279,371,279,371,191,283
27,CA,Napa,Napa,92,246,338,246,338,172,264,172,264,246,338,246,338,246,338,246,338,246,338,246,338,246,338,246,338
28,CA,Oakhurst,Madera ,80,135,215,135,215,135,215,135,215,135,215,135,215,135,215,135,215,135,215,135,215,135,215,135,215
29,CA,Oakland,Alameda,92,145,237,145,237,145,237,145,237,145,237,145,237,145,237,145,237,145,237,145,237,145,237,145,237
30,CA,Palm Springs,Riverside,86,186,272,186,272,186,272,186,272,186,272,186,272,186,272,141,227,141,227,141,227,141,227,141,227
31,CA,Point Arena / Gualala,Mendocino,86,129,215,129,215,129,215,129,215,129,215,129,215,129,215,129,215,129,215,129,215,129,215,129,215
33,CA,Sacramento,Sacramento,86,150,236,150,236,150,236,150,236,150,236,150,236,150,236,150,236,150,236,150,236,150,236,150,236
34,CA,San Diego,San Diego,86,199,285,199,285,199,285,199,285,199,285,199,285,199,285,199,285,237,323,237,323,199,285,199,285
35,CA,San Francisco,San Francisco,92,272,364,272,364,272,364,259,351,259,351,259,351,259,351,259,351,259,351,259,351,259,351,272,364
36,CA,San Luis Obispo,San Luis Obispo,86,163,249,163,249,163,249,163,249,163,249,163,249,163,249,163,249,203,289,203,289,163,249,163,249
37,CA,San Mateo / Foster City / Belmont,San Mateo,86,183,269,183,269,183,269,183,269,183,269,183,269,183,269,183,269,183,269,183,269,183,269,183,269
38,CA,Santa Barbara,Santa Barbara,92,205,297,205,297,205,297,205,297,205,297,205,297,205,297,205,297,205,297,262,354,262,354,205,297
39,CA,Santa Cruz,Santa Cruz,86,139,225,139,225,139,225,139,225,139,225,139,225,139,225,139,225,176,262,176,262,176,262,139,225
40,CA,Santa Monica ,City limits of Santa Monica,92,273,365,273,365,273,365,273,365,273,365,273,365,273,365,273,365,273,365,273,365,273,365,273,365
41,CA,Santa Rosa,Sonoma,86,157,243,157,243,157,243,157,243,157,243,157,243,157,243,157,243,157,243,157,243,157,243,157,243
42,CA,South Lake Tahoe,El Dorado,86,141,227,141,227,247,333,247,333,247,333,247,333,143,229,143,229,171,257,171,257,171,257,141,227
43,CA,Stockton ,San Joaquin,74,132,206,132,206,132,206,132,206,132,206,132,206,132,206,132,206,132,206,132,206,132,206,132,206
44,CA,Sunnyvale / Palo Alto / San Jose,Santa Clara,92,192,284,192,284,192,284,192,284,192,284,192,284,192,284,192,284,192,284,192,284,192,284,192,284
45,CA,Tahoe City,Placer,86,131,217,131,217,131,217,131,217,131,217,131,217,131,217,131,217,131,217,131,217,131,217,131,217
46,CA,Truckee,Nevada ,86,142,228,142,228,169,255,169,255,169,255,146,232,146,232,146,232,173,259,173,259,173,259,142,228
47,CA,Visalia,Tulare,80,131,211,131,211,131,211,131,211,131,211,131,211,131,211,131,211,131,211,131,211,131,211,131,211
48,CA,West Sacramento / Davis,Yolo,80,142,222,142,222,142,222,142,222,142,222,142,222,142,222,142,222,142,222,142,222,142,222,142,222
49,CA,Yosemite National Park,Mariposa,86,181,267,181,267,181,267,203,289,203,289,203,289,203,289,181,267,181,267,181,267,181,267,181,267
50,CO,Aspen,Pitkin,92,207,299,207,299,407,499,407,499,407,499,407,499,207,299,207,299,207,299,207,299,207,299,207,299
52,CO,Boulder / Broomfield,Boulder / Broomfield,80,173,253,125,205,125,205,125,205,125,205,125,205,125,205,173,253,173,253,173,253,173,253,173,253
53,CO,Colorado Springs,El Paso,86,123,209,123,209,123,209,123,209,123,209,123,209,123,209,123,209,168,254,168,254,168,254,123,209
54,CO,Cortez,Montezuma,74,133,207,110,184,110,184,110,184,110,184,110,184,110,184,133,207,133,207,133,207,133,207,133,207
55,CO,Crested Butte / Gunnison,Gunnison,86,154,240,154,240,154,240,154,240,154,240,154,240,154,240,154,240,154,240,154,240,154,240,154,240
56,CO,Denver / Aurora,Denver / Adams / Arapahoe / Jefferson,92,215,307,165,257,165,257,165,257,165,257,165,257,215,307,215,307,215,307,215,307,215,307,215,307
57,CO,Durango,La Plata,80,121,201,121,201,121,201,121,201,121,201,121,201,121,201,121,201,184,264,184,264,184,264,184,264
58,CO,Fort Collins / Loveland,Larimer,80,110,190,110,190,110,190,110,190,110,190,110,190,110,190,110,190,140,220,140,220,140,220,110,190
61,CO,Montrose,Montrose,74,185,259,136,210,136,210,136,210,136,210,136,210,136,210,136,210,185,259,185,259,185,259,185,259
63,CO,Silverthorne / Breckenridge,Summit,92,162,254,162,254,282,374,282,374,282,374,282,374,162,254,162,254,162,254,162,254,162,254,162,254
64,CO,Steamboat Springs,Routt,92,132,224,132,224,288,380,288,380,288,380,288,380,123,215,123,215,179,271,179,271,179,271,179,271
65,CO,Telluride,San Miguel,92,184,276,184,276,350,442,350,442,350,442,350,442,184,276,184,276,184,276,184,276,184,276,184,276
66,CO,Vail,Eagle,92,201,293,201,293,397,489,397,489,397,489,397,489,201,293,201,293,201,293,201,293,201,293,201,293
67,CT,Bridgeport / Danbury,Fairfield,86,146,232,146,232,146,232,146,232,146,232,146,232,146,232,146,232,146,232,146,232,146,232,146,232
69,CT,Hartford,Hartford,80,138,218,138,218,138,218,138,218,138,218,138,218,138,218,138,218,138,218,138,218,138,218,138,218
71,CT,New Haven,New Haven,80,130,210,130,210,130,210,130,210,130,210,130,210,130,210,130,210,130,210,130,210,130,210,130,210
72,CT,New London / Groton,New London,86,124,210,124,210,124,210,124,210,124,210,124,210,124,210,124,210,124,210,124,210,124,210,124,210
75,DC,District of Columbia,"Washington DC (also the cities of Alexandria, Falls Church and Fairfax, and the counties of Arlington and Fairfax, in Virginia; and the counties of Montgomery and Prince George's in Maryland)",92,275,367,196,288,196,288,196,288,196,288,276,368,276,368,276,368,276,368,183,275,183,275,275,367
77,DE,Lewes,Sussex,74,124,198,124,198,124,198,124,198,124,198,124,198,124,198,124,198,221,295,221,295,221,295,124,198
78,DE,Wilmington,New Castle,74,127,201,127,201,127,201,127,201,127,201,127,201,127,201,127,201,127,201,127,201,127,201,127,201
80,FL,Bradenton,Manatee,80,151,231,151,231,151,231,151,231,225,305,225,305,145,225,145,225,145,225,145,225,145,225,145,225
81,FL,Cocoa Beach,Brevard,74,166,240,166,240,166,240,166,240,208,282,208,282,166,240,166,240,166,240,166,240,166,240,166,240
82,FL,Daytona Beach,Volusia,80,116,196,116,196,116,196,157,237,157,237,157,237,157,237,138,218,138,218,138,218,116,196,116,196
83,FL,Fort Walton Beach / De Funiak Springs,Okaloosa / Walton,86,164,250,110,196,110,196,110,196,110,196,184,270,184,270,184,270,260,346,260,346,164,250,164,250
84,FL,Fort Lauderdale,Broward,86,172,258,172,258,172,258,224,310,224,310,224,310,224,310,143,229,143,229,143,229,143,229,143,229
85,FL,Fort Myers,Lee,80,139,219,139,219,139,219,216,296,216,296,216,296,139,219,139,219,139,219,139,219,139,219,139,219
89,FL,Gulf Breeze,Santa Rosa,74,124,198,124,198,124,198,124,198,124,198,161,235,161,235,161,235,214,288,214,288,124,198,124,198
91,FL,Key West,Monroe,86,269,355,269,355,366,452,366,452,436,522,436,522,436,522,258,344,258,344,258,344,258,344,258,344
95,FL,Miami,Miami-Dade,92,145,237,145,237,210,302,210,302,232,324,232,324,182,274,182,274,145,237,145,237,145,237,145,237
96,FL,Naples,Collier,80,164,244,164,244,257,337,257,337,314,394,314,394,314,394,164,244,164,244,164,244,164,244,164,244
98,FL,Orlando,Orange,80,140,220,140,220,140,220,169,249,169,249,169,249,140,220,140,220,140,220,140,220,140,220,140,220
99,FL,Boca Raton / Delray Beach / Jupiter,Palm Beach / Hendry,86,171,257,171,257,171,257,244,330,244,330,244,330,244,330,143,229,143,229,143,229,143,229,143,229
100,FL,Panama City,Bay,80,110,190,110,190,110,190,110,190,110,190,147,227,147,227,147,227,194,274,194,274,110,190,110,190
101,FL,Pensacola ,Escambia,74,120,194,120,194,120,194,120,194,120,194,149,223,149,223,149,223,190,264,190,264,120,194,120,194
102,FL,Punta Gorda,Charlotte,74,124,198,124,198,124,198,124,198,192,266,192,266,124,198,124,198,124,198,124,198,124,198,124,198
103,FL,Sarasota,Sarasota,86,145,231,145,231,145,231,145,231,205,291,205,291,205,291,131,217,131,217,131,217,131,217,131,217
104,FL,Sebring,Highlands,74,126,200,126,200,126,200,126,200,219,293,219,293,126,200,126,200,126,200,126,200,126,200,126,200
105,FL,St. Augustine,St. Johns,80,151,231,151,231,170,250,170,250,170,250,170,250,151,231,151,231,151,231,151,231,151,231,151,231
106,FL,Stuart,Martin,80,129,209,129,209,129,209,129,209,214,294,214,294,129,209,129,209,129,209,129,209,129,209,129,209
107,FL,Tallahassee,Leon,80,113,193,113,193,113,193,138,218,138,218,138,218,138,218,113,193,113,193,113,193,113,193,113,193
108,FL,Tampa / St. Petersburg,Pinellas / Hillsborough,80,148,228,148,228,148,228,148,228,200,280,200,280,200,280,148,228,148,228,148,228,148,228,148,228
109,FL,Vero Beach,Indian River,74,181,255,181,255,259,333,259,333,259,333,259,333,259,333,181,255,181,255,181,255,181,255,181,255
110,GA,Athens,Clarke,74,136,210,136,210,136,210,136,210,136,210,136,210,136,210,136,210,136,210,136,210,136,210,136,210
111,GA,Atlanta,Fulton / Dekalb,86,182,268,182,268,182,268,197,283,197,283,197,283,182,268,182,268,182,268,182,268,182,268,182,268
115,GA,Jekyll Island / Brunswick,Glynn,86,172,258,172,258,172,258,172,258,172,258,223,309,223,309,223,309,223,309,223,309,172,258,172,258
116,GA,Savannah,Chatham,80,147,227,147,227,147,227,147,227,147,227,176,256,176,256,147,227,147,227,147,227,147,227,147,227
118,IA,Des Moines,Polk,80,121,201,121,201,121,201,121,201,121,201,121,201,121,201,121,201,121,201,121,201,121,201,121,201
120,ID,Coeur d'Alene,Kootenai,74,142,216,142,216,142,216,142,216,142,216,142,216,142,216,142,216,217,291,217,291,217,291,142,216
122,ID,Sun Valley / Ketchum,Blaine / Elmore,80,191,271,191,271,300,380,300,380,300,380,300,380,181,261,181,261,295,375,295,375,295,375,295,375
123,IL,Chicago,Cook / Lake,92,223,315,223,315,142,234,142,234,142,234,142,234,234,326,234,326,234,326,202,294,202,294,223,315
124,IL,Oak Brook Terrace,DuPage,80,115,195,115,195,115,195,115,195,115,195,115,195,115,195,115,195,115,195,115,195,115,195,115,195
127,IN,Bloomington ,Monroe,74,110,184,110,184,110,184,110,184,110,184,110,184,110,184,139,213,139,213,139,213,139,213,110,184
130,IN,Indianapolis / Carmel,Marion / Hamilton,80,133,213,133,213,133,213,133,213,133,213,133,213,133,213,133,213,133,213,133,213,133,213,133,213
131,IN,Lafayette / West Lafayette,Tippecanoe,74,123,197,123,197,123,197,123,197,123,197,123,197,123,197,123,197,123,197,123,197,143,217,143,217
137,KS,Kansas City / Overland Park,Wyandotte / Johnson / Leavenworth,80,135,215,135,215,135,215,135,215,135,215,135,215,135,215,135,215,135,215,135,215,135,215,135,215
139,KY,Boone,Boone,68,116,184,116,184,116,184,116,184,116,184,116,184,116,184,116,184,116,184,116,184,116,184,116,184
140,KY,Lexington,Fayette,80,118,198,118,198,118,198,118,198,118,198,118,198,118,198,118,198,118,198,118,198,118,198,118,198
141,KY,Louisville,Jefferson,80,164,244,120,200,120,200,120,200,155,235,155,235,155,235,155,235,134,214,134,214,134,214,164,244
144,LA,New Orleans,Orleans / Jefferson Parishes,80,157,237,157,237,157,237,157,237,179,259,179,259,179,259,179,259,133,213,133,213,133,213,157,237
147,MA,Andover,Essex,80,137,217,137,217,137,217,137,217,137,217,137,217,137,217,137,217,137,217,137,217,137,217,137,217
148,MA,Boston / Cambridge,"Suffolk, city of Cambridge",92,349,441,209,301,209,301,209,301,209,301,291,383,291,383,291,383,291,383,291,383,291,383,349,441
149,MA,Burlington / Woburn,Middlesex less the city of Cambridge,86,178,264,144,230,144,230,144,230,144,230,144,230,144,230,178,264,178,264,178,264,178,264,178,264
150,MA,Falmouth,City limits of Falmouth,86,142,228,142,228,142,228,142,228,142,228,142,228,142,228,142,228,142,228,253,339,253,339,142,228
151,MA,Hyannis,Barnstable less the city of Falmouth,92,131,223,131,223,131,223,131,223,131,223,131,223,131,223,131,223,131,223,209,301,209,301,131,223
152,MA,Martha's Vineyard,Dukes,92,196,288,196,288,196,288,196,288,196,288,196,288,196,288,196,288,462,554,462,554,462,554,462,554
153,MA,Nantucket,Nantucket,92,175,267,175,267,175,267,175,267,175,267,175,267,175,267,175,267,471,563,471,563,471,563,471,563
154,MA,Northampton,Hampshire,80,157,237,157,237,157,237,157,237,157,237,157,237,157,237,157,237,157,237,157,237,157,237,157,237
155,MA,Pittsfield,Berkshire,86,136,222,136,222,136,222,136,222,136,222,136,222,136,222,136,222,136,222,178,264,178,264,136,222
156,MA,Plymouth / Taunton / New Bedford,Plymouth / Bristol,80,126,206,126,206,126,206,126,206,126,206,126,206,126,206,126,206,126,206,126,206,126,206,126,206
157,MA,Quincy,Norfolk,80,175,255,139,219,139,219,139,219,139,219,139,219,139,219,175,255,175,255,175,255,175,255,175,255
158,MA,Springfield,Hampden,74,128,202,128,202,128,202,128,202,128,202,128,202,128,202,128,202,128,202,128,202,128,202,128,202
160,MA,Worcester,Worcester,80,135,215,135,215,135,215,135,215,135,215,135,215,135,215,135,215,135,215,135,215,135,215,135,215
161,MD,Aberdeen / Bel Air / Belcamp,Harford,74,113,187,113,187,113,187,113,187,113,187,113,187,113,187,113,187,113,187,113,187,113,187,113,187
162,MD,Annapolis,Anne Arundel,80,161,241,125,205,125,205,125,205,125,205,125,205,125,205,161,241,161,241,161,241,161,241,161,241
163,MD,Baltimore City,Baltimore City,86,150,236,150,236,150,236,150,236,150,236,150,236,150,236,150,236,150,236,150,236,150,236,150,236
164,MD,Cambridge / St. Michaels,Dorchester / Talbot,80,145,225,145,225,145,225,145,225,145,225,145,225,145,225,145,225,186,266,186,266,186,266,145,225
165,MD,Columbia,Howard,86,113,199,113,199,113,199,113,199,113,199,113,199,113,199,113,199,113,199,113,199,113,199,113,199
170,MD,Ocean City,Worcester,80,115,195,115,195,115,195,115,195,115,195,115,195,115,195,115,195,295,375,295,375,295,375,115,195
171,ME,Bar Harbor / Rockport,Hancock / Knox,92,264,356,128,220,128,220,128,220,128,220,128,220,128,220,209,301,209,301,304,396,304,396,264,356
172,ME,Kennebunk / Kittery / Sanford,York ,86,153,239,119,205,119,205,119,205,119,205,119,205,119,205,119,205,119,205,201,287,201,287,153,239
173,ME,Portland,Cumberland / Sagadahoc,80,199,279,114,194,114,194,114,194,114,194,114,194,114,194,114,194,211,291,211,291,211,291,199,279
175,MI,Ann Arbor,Washtenaw,80,125,205,125,205,125,205,125,205,125,205,125,205,146,226,146,226,146,226,146,226,146,226,125,205
178,MI,Detroit,Wayne,74,152,226,152,226,152,226,152,226,152,226,152,226,152,226,152,226,152,226,152,226,152,226,152,226
183,MI,Grand Rapids,Kent,80,119,199,119,199,119,199,119,199,119,199,119,199,119,199,119,199,119,199,119,199,119,199,119,199
184,MI,Holland,Ottawa,74,116,190,116,190,116,190,116,190,116,190,116,190,116,190,157,231,157,231,157,231,157,231,116,190
187,MI,Mackinac Island,Mackinac,86,120,206,120,206,120,206,120,206,120,206,120,206,120,206,120,206,120,206,195,281,195,281,120,206
188,MI,Midland,Midland,74,120,194,120,194,120,194,120,194,120,194,120,194,120,194,120,194,120,194,120,194,120,194,120,194
190,MI,Muskegon,Muskegon,68,110,178,110,178,110,178,110,178,110,178,110,178,110,178,110,178,149,217,149,217,149,217,110,178
192,MI,Petoskey,Emmet,86,171,257,116,202,116,202,116,202,116,202,116,202,116,202,116,202,220,306,220,306,220,306,171,257
193,MI,Pontiac / Auburn Hills ,Oakland,80,116,196,116,196,116,196,116,196,116,196,116,196,116,196,116,196,116,196,116,196,116,196,116,196
195,MI,South Haven,Van Buren,68,110,178,110,178,110,178,110,178,110,178,110,178,110,178,110,178,142,210,142,210,142,210,110,178
196,MI,Traverse City,Grand Traverse,80,134,214,134,214,134,214,134,214,134,214,134,214,134,214,134,214,134,214,235,315,235,315,134,214
199,MN,Duluth,St. Louis,86,220,306,159,245,159,245,159,245,159,245,159,245,159,245,159,245,220,306,220,306,220,306,220,306
201,MN,Minneapolis / St. Paul,Hennepin / Ramsey,92,148,240,148,240,148,240,148,240,148,240,148,240,148,240,148,240,148,240,148,240,148,240,148,240
202,MN,Rochester,Olmsted,80,127,207,127,207,127,207,127,207,127,207,127,207,127,207,127,207,127,207,127,207,127,207,127,207
204,MO,Kansas City,Jackson / Clay / Cass / Platte,80,135,215,135,215,135,215,135,215,135,215,135,215,135,215,135,215,135,215,135,215,135,215,135,215
207,MO,St. Louis,St. Louis / St. Louis City / St. Charles,86,150,236,150,236,150,236,150,236,150,236,150,236,150,236,150,236,150,236,150,236,150,236,150,236
211,MS,Starkville ,Oktibbeha,68,125,193,125,193,125,193,125,193,125,193,125,193,125,193,125,193,125,193,125,193,125,193,125,193
213,MT,Missoula,Missoula,74,130,204,130,204,130,204,130,204,130,204,130,204,130,204,130,204,195,269,195,269,195,269,195,269
215,MT,Big Sky / West Yellowstone/Gardiner,Gallatin/Park,80,176,256,176,256,176,256,176,256,176,256,176,256,176,256,176,256,310,390,310,390,310,390,310,390
216,NC,Asheville ,Buncombe,80,141,221,141,221,141,221,120,200,120,200,120,200,120,200,120,200,120,200,120,200,120,200,120,200
217,NC,Atlantic Beach / Morehead City,Carteret,74,123,197,123,197,123,197,123,197,123,197,123,197,123,197,178,252,178,252,178,252,178,252,123,197
218,NC,Chapel Hill,Orange,80,140,220,140,220,140,220,140,220,140,220,140,220,140,220,140,220,140,220,140,220,140,220,140,220
219,NC,Charlotte,Mecklenburg,80,131,211,131,211,131,211,131,211,131,211,131,211,131,211,131,211,131,211,131,211,131,211,131,211
221,NC,Durham,Durham,74,121,195,121,195,121,195,121,195,121,195,121,195,121,195,121,195,121,195,121,195,121,195,121,195
222,NC,Greensboro,Guilford,74,123,197,112,186,112,186,112,186,112,186,123,197,123,197,123,197,123,197,123,197,123,197,123,197
224,NC,Kill Devil Hills,Dare,74,133,207,133,207,133,207,133,207,133,207,133,207,190,264,190,264,254,328,254,328,254,328,133,207
227,NC,Raleigh,Wake,74,131,205,131,205,131,205,131,205,131,205,131,205,131,205,131,205,131,205,131,205,131,205,131,205
229,NC,Wilmington,New Hanover,74,147,221,110,184,110,184,110,184,110,184,147,221,147,221,147,221,147,221,147,221,147,221,147,221
231,NE,Omaha,Douglas,80,122,202,122,202,122,202,122,202,122,202,122,202,122,202,122,202,122,202,122,202,122,202,122,202
232,NH,Concord,Merrimack,74,124,198,124,198,124,198,124,198,124,198,124,198,124,198,124,198,124,198,124,198,124,198,124,198
233,NH,Conway,Caroll,80,144,224,144,224,144,224,144,224,144,224,118,198,118,198,118,198,118,198,161,241,161,241,144,224
234,NH,Durham,Strafford,74,125,199,125,199,125,199,125,199,125,199,125,199,125,199,125,199,125,199,152,226,152,226,125,199
235,NH,Laconia,Belknap,74,182,256,140,214,140,214,140,214,140,214,140,214,140,214,140,214,182,256,182,256,182,256,182,256
236,NH,Lebanon / Lincoln / West Lebanon,Grafton,74,177,251,142,216,142,216,142,216,142,216,142,216,142,216,142,216,177,251,177,251,177,251,177,251
237,NH,Manchester,Hillsborough,74,130,204,130,204,130,204,130,204,130,204,130,204,130,204,130,204,130,204,130,204,130,204,130,204
238,NH,Portsmouth,Rockingham,74,171,245,129,203,129,203,129,203,129,203,129,203,129,203,129,203,129,203,192,266,192,266,171,245
241,NJ,Cherry Hill / Moorestown,Camden / Burlington,80,112,192,112,192,112,192,112,192,112,192,112,192,112,192,112,192,112,192,112,192,112,192,112,192
242,NJ,Eatontown / Freehold,Monmouth,86,146,232,146,232,146,232,146,232,146,232,146,232,146,232,146,232,146,232,146,232,146,232,146,232
243,NJ,Edison / Piscataway,Middlesex ,80,122,202,122,202,122,202,122,202,122,202,122,202,122,202,122,202,122,202,122,202,122,202,122,202
244,NJ,Flemington,Hunterdon,80,124,204,124,204,124,204,124,204,124,204,124,204,124,204,124,204,124,204,124,204,124,204,124,204
246,NJ,Newark,Essex / Bergen / Hudson / Passaic,86,156,242,156,242,156,242,156,242,156,242,156,242,156,242,156,242,156,242,156,242,156,242,156,242
247,NJ,Parsippany,Morris,80,143,223,143,223,143,223,143,223,143,223,143,223,143,223,143,223,143,223,143,223,143,223,143,223
248,NJ,Somerset,Somerset,80,138,218,138,218,138,218,138,218,138,218,138,218,138,218,138,218,138,218,138,218,138,218,138,218
249,NJ,Princeton / Trenton,Mercer,86,138,224,138,224,138,224,138,224,138,224,138,224,138,224,138,224,138,224,138,224,138,224,138,224
250,NJ,Springfield / Cranford / New Providence,Union,80,139,219,139,219,139,219,139,219,139,219,139,219,139,219,139,219,139,219,139,219,139,219,139,219
251,NJ,Toms River,Ocean,74,166,240,166,240,166,240,166,240,166,240,166,240,166,240,166,240,166,240,213,287,213,287,166,240
252,NM,Albuquerque,Bernalillo,80,144,224,144,224,144,224,144,224,144,224,144,224,144,224,144,224,144,224,144,224,144,224,144,224
254,NM,Santa Fe,Santa Fe,80,167,247,142,222,142,222,122,202,122,202,167,247,167,247,167,247,167,247,167,247,167,247,167,247
255,NV,Incline Village / Reno / Sparks,Washoe,80,138,218,138,218,138,218,138,218,138,218,138,218,138,218,138,218,138,218,184,264,184,264,138,218
256,NV,Las Vegas,Clark,86,126,212,126,212,126,212,159,245,159,245,159,245,126,212,126,212,126,212,126,212,126,212,126,212
258,NY,Albany,Albany,86,117,203,117,203,117,203,117,203,117,203,117,203,117,203,117,203,117,203,117,203,117,203,117,203
260,NY,Buffalo,Erie,80,126,206,126,206,126,206,126,206,126,206,126,206,126,206,126,206,126,206,139,219,139,219,126,206
261,NY,Floral Park / Garden City / Great Neck,Nassau,86,164,250,164,250,164,250,164,250,164,250,164,250,164,250,164,250,164,250,164,250,164,250,164,250
262,NY,Glens Falls,Warren,86,117,203,117,203,117,203,117,203,117,203,117,203,117,203,117,203,117,203,186,272,186,272,117,203
264,NY,Kingston,Ulster,86,139,225,139,225,139,225,139,225,139,225,139,225,139,225,139,225,139,225,139,225,139,225,139,225
265,NY,Lake Placid,Essex,86,165,251,165,251,165,251,165,251,165,251,144,230,144,230,144,230,144,230,238,324,238,324,165,251
266,NY,New York City,Bronx / Kings / New York / Queens / Richmond,92,342,434,342,434,342,434,179,271,179,271,281,373,281,373,281,373,281,373,237,329,237,329,342,434
267,NY,Niagara Falls,Niagara,80,110,190,110,190,110,190,110,190,110,190,110,190,110,190,110,190,142,222,142,222,142,222,110,190
268,NY,Nyack / Palisades,Rockland,80,129,209,129,209,129,209,129,209,129,209,129,209,129,209,129,209,129,209,129,209,129,209,129,209
269,NY,Binghamton,Broome,74,117,191,117,191,117,191,117,191,117,191,117,191,117,191,117,191,117,191,117,191,117,191,117,191
270,NY,Poughkeepsie,Dutchess,80,115,195,115,195,115,195,115,195,115,195,115,195,115,195,115,195,115,195,115,195,115,195,115,195
271,NY,Riverhead / Ronkonkoma / Melville,Suffolk,86,155,241,155,241,155,241,155,241,155,241,155,241,155,241,155,241,155,241,155,241,155,241,155,241
272,NY,Rochester,Monroe,80,132,212,132,212,132,212,132,212,132,212,132,212,132,212,132,212,132,212,132,212,132,212,132,212
273,NY,Saratoga Springs / Schenectady,Saratoga / Schenectady,80,126,206,126,206,126,206,126,206,126,206,126,206,126,206,126,206,126,206,214,294,214,294,126,206
274,NY,Syracuse / Oswego,Onondaga / Oswego,80,122,202,122,202,122,202,122,202,122,202,122,202,122,202,122,202,122,202,122,202,122,202,122,202
275,NY,Tarrytown / White Plains / New Rochelle,Westchester,92,161,253,161,253,161,253,161,253,161,253,161,253,161,253,161,253,161,253,161,253,161,253,161,253
276,NY,Troy ,Rensselaer,80,121,201,121,201,121,201,121,201,121,201,121,201,121,201,121,201,121,201,121,201,121,201,121,201
277,NY,Ithaca,Tompkins,80,144,224,144,224,144,224,144,224,144,224,144,224,144,224,144,224,144,224,144,224,144,224,144,224
278,NY,West Point,Orange,80,123,203,123,203,123,203,123,203,123,203,123,203,123,203,123,203,123,203,123,203,123,203,123,203
280,OH,Sandusky,Erie,68,116,184,116,184,144,212,144,212,144,212,144,212,144,212,144,212,144,212,144,212,144,212,116,184
282,OH,Cincinnati,Hamilton / Clermont,86,163,249,163,249,163,249,163,249,163,249,163,249,163,249,163,249,163,249,163,249,163,249,163,249
283,OH,Cleveland,Cuyahoga,80,159,239,159,239,159,239,159,239,159,239,159,239,159,239,159,239,159,239,159,239,159,239,159,239
284,OH,Columbus,Franklin,80,131,211,131,211,131,211,131,211,131,211,131,211,131,211,131,211,131,211,131,211,131,211,131,211
285,OH,Dayton / Fairborn,Greene / Montgomery,74,115,189,115,189,115,189,115,189,115,189,115,189,115,189,115,189,115,189,115,189,115,189,115,189
287,OH,Hamilton,Butler / Warren,74,124,198,124,198,124,198,124,198,124,198,124,198,124,198,124,198,124,198,124,198,124,198,124,198
295,OK,Oklahoma City,Oklahoma,80,116,196,116,196,116,196,116,196,116,196,116,196,116,196,116,196,116,196,116,196,116,196,116,196
298,OR,Beaverton,Washington,80,132,212,132,212,132,212,132,212,132,212,132,212,132,212,132,212,132,212,132,212,132,212,132,212
299,OR,Bend,Deschutes,86,125,211,125,211,125,211,125,211,125,211,125,211,125,211,125,211,192,278,192,278,192,278,125,211
300,OR,Clackamas,Clackamas,80,136,216,136,216,136,216,136,216,136,216,136,216,136,216,136,216,136,216,136,216,136,216,136,216
302,OR,Eugene / Florence,Lane,80,132,212,132,212,132,212,132,212,132,212,132,212,132,212,132,212,192,272,192,272,162,242,162,242
304,OR,Lincoln City,Lincoln,92,120,212,120,212,120,212,120,212,120,212,120,212,120,212,120,212,120,212,167,259,167,259,120,212
305,OR,Portland,Multnomah,86,155,241,155,241,155,241,155,241,155,241,155,241,155,241,155,241,155,241,155,241,155,241,155,241
306,OR,Seaside,Clatsop,86,141,227,141,227,141,227,141,227,141,227,141,227,141,227,141,227,141,227,236,322,236,322,141,227
307,PA,Allentown / Easton / Bethlehem,Lehigh / Northampton,74,115,189,115,189,115,189,115,189,115,189,115,189,115,189,115,189,115,189,115,189,115,189,115,189
309,PA,Chester / Radnor / Essington,Delaware,80,127,207,127,207,127,207,127,207,127,207,127,207,127,207,127,207,127,207,127,207,127,207,127,207
311,PA,Gettysburg,Adams,68,122,190,110,178,110,178,110,178,110,178,110,178,122,190,122,190,122,190,122,190,122,190,122,190
312,PA,Harrisburg,Dauphin County excluding Hershey,74,124,198,124,198,124,198,124,198,124,198,124,198,124,198,124,198,124,198,124,198,124,198,124,198
313,PA,Bucks,Bucks,80,119,199,119,199,119,199,119,199,119,199,119,199,119,199,119,199,119,199,119,199,119,199,119,199
314,PA,Lancaster,Lancaster,74,123,197,123,197,123,197,123,197,123,197,123,197,123,197,123,197,123,197,123,197,123,197,123,197
315,PA,Malvern / Frazer / Berwyn,Chester,80,118,198,118,198,118,198,118,198,118,198,118,198,118,198,118,198,118,198,118,198,118,198,118,198
317,PA,Philadelphia,Philadelphia,92,218,310,218,310,156,248,156,248,156,248,156,248,187,279,187,279,187,279,187,279,187,279,218,310
318,PA,Pittsburgh,Allegheny,80,138,218,138,218,138,218,138,218,138,218,138,218,138,218,138,218,138,218,138,218,138,218,138,218
319,PA,Reading,Berks,74,117,191,117,191,117,191,117,191,117,191,117,191,117,191,117,191,117,191,117,191,117,191,117,191
321,PA,State College ,Centre,74,124,198,124,198,124,198,124,198,124,198,124,198,124,198,124,198,124,198,124,198,124,198,124,198
323,RI,Jamestown / Middletown / Newport,Newport ,80,218,298,141,221,141,221,141,221,141,221,141,221,141,221,141,221,268,348,268,348,268,348,218,298
325,RI,Providence / Bristol,Providence / Bristol,80,154,234,154,234,154,234,154,234,154,234,154,234,154,234,154,234,154,234,154,234,154,234,154,234
326,SC,Charleston,Charleston / Berkeley / Dorchester,92,244,336,218,310,218,310,218,310,218,310,288,380,288,380,288,380,244,336,244,336,244,336,244,336
327,SC,Columbia,Richland / Lexington,74,115,189,115,189,115,189,115,189,115,189,115,189,115,189,115,189,115,189,115,189,115,189,115,189
329,SC,Hilton Head,Beaufort,80,163,243,118,198,118,198,118,198,118,198,193,273,193,273,193,273,215,295,215,295,215,295,163,243
330,SC,Myrtle Beach,Horry,74,110,184,110,184,110,184,110,184,110,184,110,184,132,206,132,206,182,256,182,256,182,256,110,184
332,SD,Hot Springs,Fall River / Custer,74,110,184,110,184,110,184,110,184,110,184,110,184,110,184,110,184,161,235,161,235,161,235,161,235
333,SD,Rapid City,Pennington,74,110,184,110,184,110,184,110,184,110,184,110,184,110,184,110,184,158,232,158,232,158,232,110,184
334,SD,Deadwood / Spearfish ,Lawrence,80,140,220,110,190,110,190,110,190,110,190,110,190,110,190,140,220,140,220,140,220,140,220,140,220
335,TN,Brentwood / Franklin,Williamson,86,130,216,130,216,130,216,130,216,130,216,130,216,130,216,130,216,130,216,130,216,130,216,130,216
336,TN,Chattanooga ,Hamilton,74,117,191,117,191,117,191,117,191,117,191,117,191,117,191,117,191,117,191,117,191,117,191,117,191
338,TN,Knoxville,Knox,74,119,193,119,193,119,193,119,193,119,193,119,193,119,193,119,193,119,193,119,193,119,193,119,193
339,TN,Memphis,Shelby,74,129,203,129,203,129,203,129,203,129,203,129,203,129,203,129,203,129,203,129,203,129,203,129,203
340,TN,Nashville,Davidson,86,248,334,217,303,217,303,217,303,217,303,217,303,217,303,217,303,217,303,217,303,217,303,248,334
342,TX,Arlington / Fort Worth / Grapevine,Tarrant County / City of Grapevine,80,181,261,181,261,181,261,181,261,181,261,181,261,181,261,181,261,181,261,181,261,181,261,181,261
343,TX,Austin,Travis,80,173,253,173,253,173,253,187,267,187,267,187,267,173,253,173,253,173,253,173,253,173,253,173,253
346,TX,Dallas,Dallas ,80,170,250,170,250,170,250,191,271,191,271,191,271,170,250,170,250,170,250,170,250,170,250,170,250
348,TX,Galveston,Galveston,74,111,185,111,185,111,185,111,185,111,185,111,185,111,185,111,185,146,220,146,220,111,185,111,185
350,TX,Houston,Montgomery / Fort Bend / Harris,80,128,208,128,208,128,208,128,208,128,208,128,208,128,208,128,208,128,208,128,208,128,208,128,208
354,TX,Plano,Collin,80,123,203,123,203,123,203,123,203,123,203,123,203,123,203,123,203,123,203,123,203,123,203,123,203
356,TX,San Antonio,Bexar,74,137,211,137,211,137,211,137,211,161,235,161,235,137,211,137,211,137,211,137,211,137,211,137,211
357,TX,South Padre Island,Cameron,74,118,192,118,192,118,192,118,192,118,192,140,214,140,214,140,214,140,214,140,214,118,192,118,192
360,UT,Park City,Summit,92,221,313,221,313,483,575,483,575,483,575,483,575,221,313,221,313,221,313,221,313,221,313,221,313
361,UT,Provo,Utah,74,117,191,117,191,117,191,117,191,117,191,117,191,117,191,117,191,117,191,117,191,117,191,117,191
362,UT,Salt Lake City,Salt Lake / Tooele,80,142,222,142,222,142,222,142,222,142,222,142,222,142,222,142,222,142,222,142,222,142,222,142,222
363,VA,Charlottesville,City of Charlottesville / Albemarle,80,136,216,136,216,136,216,136,216,136,216,136,216,136,216,136,216,136,216,136,216,136,216,136,216
365,VA,Lynchburg,Campbell / Lynchburg City,68,115,183,115,183,115,183,115,183,115,183,115,183,115,183,115,183,110,178,110,178,115,183,115,183
368,VA,Richmond,City of Richmond,80,157,237,157,237,157,237,157,237,157,237,157,237,157,237,157,237,157,237,157,237,157,237,157,237
369,VA,Roanoke,City limits of Roanoke,74,119,193,119,193,119,193,119,193,119,193,119,193,119,193,119,193,119,193,119,193,119,193,119,193
371,VA,Virginia Beach,City of Virginia Beach,74,124,198,124,198,124,198,124,198,124,198,124,198,124,198,124,198,210,284,210,284,210,284,124,198
372,VA,Wallops Island,Accomack,68,131,199,131,199,131,199,131,199,131,199,131,199,131,199,131,199,131,199,248,316,248,316,131,199
374,VA,Williamsburg / York,James City / York Counties / City of Williamsburg,80,115,195,115,195,115,195,110,190,110,190,110,190,134,214,134,214,134,214,134,214,134,214,115,195
377,VT,Burlington,Chittenden,86,202,288,128,214,128,214,128,214,128,214,128,214,128,214,202,288,202,288,202,288,202,288,202,288
378,VT,Manchester,Bennington,86,220,306,168,254,168,254,168,254,168,254,168,254,168,254,168,254,168,254,168,254,220,306,220,306
379,VT,Montpelier,Washington,74,227,301,167,241,167,241,167,241,167,241,167,241,167,241,167,241,167,241,167,241,227,301,227,301
380,VT,Stowe ,Lamoille,86,185,271,185,271,185,271,185,271,185,271,148,234,148,234,148,234,185,271,185,271,185,271,185,271
381,VT,White River Junction,Windsor,86,144,230,144,230,144,230,144,230,144,230,144,230,144,230,144,230,144,230,144,230,144,230,144,230
384,WA,Everett / Lynnwood,Snohomish,86,113,199,113,199,113,199,113,199,113,199,113,199,113,199,113,199,140,226,140,226,140,226,113,199
385,WA,Ocean Shores,Grays Harbor,86,110,196,110,196,110,196,110,196,110,196,110,196,110,196,110,196,110,196,132,218,132,218,110,196
386,WA,Olympia / Tumwater,Thurston,80,128,208,128,208,151,231,151,231,151,231,151,231,151,231,151,231,151,231,175,255,175,255,128,208
387,WA,Port Angeles / Port Townsend,Clallam / Jefferson,92,137,229,137,229,137,229,137,229,137,229,137,229,137,229,137,229,137,229,235,327,235,327,137,229
389,WA,Seattle,King,92,188,280,188,280,188,280,188,280,188,280,188,280,188,280,188,280,248,340,248,340,248,340,248,340
390,WA,Spokane,Spokane,86,126,212,126,212,126,212,126,212,126,212,126,212,126,212,126,212,126,212,126,212,126,212,126,212
391,WA,Tacoma,Pierce,86,136,222,136,222,136,222,136,222,136,222,136,222,136,222,136,222,136,222,136,222,136,222,136,222
392,WA,Vancouver,Clark / Cowlitz / Skamania,86,155,241,155,241,155,241,155,241,155,241,155,241,155,241,155,241,155,241,155,241,155,241,155,241
396,WI,Madison,Dane,80,138,218,110,190,110,190,110,190,110,190,110,190,110,190,138,218,138,218,138,218,138,218,138,218
397,WI,Milwaukee,Milwaukee,80,140,220,140,220,140,220,140,220,140,220,140,220,140,220,140,220,140,220,140,220,140,220,140,220
400,WI,Sturgeon Bay,Door,80,133,213,110,190,110,190,110,190,110,190,110,190,110,190,110,190,133,213,133,213,133,213,133,213
403,WV,Charleston,Kanawha,68,115,183,115,183,115,183,115,183,115,183,115,183,115,183,115,183,115,183,115,183,115,183,115,183
406,WV,Charles Town,Jefferson,68,122,190,122,190,122,190,122,190,122,190,122,190,122,190,122,190,122,190,122,190,122,190,122,190
408,WY,Cody,Park,74,127,201,127,201,127,201,127,201,127,201,127,201,127,201,127,201,190,264,190,264,190,264,190,264
409,WY,Jackson / Pinedale,Teton / Sublette,92,212,304,212,304,212,304,212,304,212,304,212,304,212,304,212,304,420,512,420,512,420,512,420,512
413,GA,Augusta,Richmond,74,125,199,125,199,125,199,125,199,125,199,125,199,125,199,110,184,110,184,125,199,125,199,125,199
422,IL,Bolingbrook / Romeoville / Lemont,Will,74,114,188,114,188,114,188,114,188,114,188,114,188,114,188,114,188,114,188,114,188,114,188,114,188
423,NM,Taos,Taos,74,128,202,128,202,128,202,128,202,128,202,128,202,128,202,128,202,128,202,128,202,128,202,128,202
426,MT,Helena,Lewis and Clark,74,132,206,132,206,132,206,132,206,132,206,132,206,132,206,132,206,132,206,132,206,132,206,132,206
427,CO,Douglas ,Douglas,80,111,191,111,191,111,191,111,191,111,191,111,191,111,191,111,191,142,222,142,222,142,222,111,191
428,VA,Loudoun,Loudoun,80,115,195,115,195,115,195,115,195,115,195,115,195,115,195,115,195,115,195,115,195,115,195,115,195
435,PA,Montgomery,Montgomery,80,126,206,126,206,126,206,126,206,126,206,126,206,126,206,126,206,126,206,126,206,126,206,126,206
436,KY,Kenton,Kenton,86,163,249,163,249,163,249,163,249,163,249,163,249,163,249,163,249,163,249,163,249,163,249,163,249
447,MS,Southaven,Desoto,68,126,194,126,194,126,194,126,194,126,194,126,194,126,194,126,194,126,194,126,194,126,194,126,194
459,VA,Blacksburg,Montgomery,68,122,190,122,190,122,190,122,190,122,190,122,190,122,190,122,190,122,190,122,190,122,190,122,190
460,AL,Mobile,Mobile,74,114,188,114,188,114,188,114,188,114,188,114,188,114,188,114,188,114,188,114,188,114,188,114,188
461,CA,Eureka / Arcata / McKinleyville,Humboldt,86,125,211,125,211,125,211,125,211,125,211,125,211,125,211,125,211,172,258,172,258,172,258,125,211
462,IL,East St. Louis / O'Fallon / Fairview Heights,St. Clair,86,150,236,150,236,150,236,150,236,150,236,150,236,150,236,150,236,150,236,150,236,150,236,150,236
464,NC,Fayetteville,Cumberland,68,124,192,124,192,124,192,124,192,124,192,124,192,124,192,124,192,124,192,124,192,124,192,124,192
471,TX,Midland / Odessa,Midland / Andrews / Ector / Martin,74,132,206,118,192,118,192,118,192,132,206,132,206,132,206,132,206,132,206,132,206,132,206,132,206
473,MD,Centreville,Queen Anne,74,154,228,121,195,121,195,121,195,121,195,121,195,121,195,154,228,154,228,154,228,154,228,154,228
474,UT,Moab,Grand,86,221,307,110,196,110,196,110,196,110,196,212,298,212,298,212,298,212,298,166,252,166,252,221,307
475,WA,Richland / Pasco,Benton / Franklin,86,130,216,130,216,130,216,130,216,130,216,130,216,130,216,130,216,130,216,130,216,130,216,130,216
476,IA,Dallas,Dallas,80,115,195,115,195,115,195,115,195,115,195,115,195,115,195,115,195,115,195,115,195,115,195,115,195
477,MS,Oxford,Lafayette,68,127,195,127,195,127,195,127,195,127,195,127,195,127,195,127,195,127,195,127,195,127,195,127,195
478,LA,Alexandria / Leesville / Natchitoches,Allen / Jefferson Davis / Natchitoches / Rapides / Vernon Parishes,68,112,180,112,180,112,180,112,180,112,180,112,180,112,180,112,180,112,180,112,180,112,180,112,180
479,NM,Carlsbad,Eddy,74,155,229,155,229,155,229,155,229,155,229,155,229,155,229,155,229,155,229,155,229,155,229,155,229
481,CA,Bakersfield / Ridgecrest,Kern,74,132,206,132,206,132,206,132,206,132,206,132,206,132,206,132,206,132,206,132,206,132,206,132,206
486,TX,Big Spring,Howard,68,114,182,114,182,114,182,114,182,114,182,114,182,114,182,114,182,114,182,114,182,114,182,114,182
489,PA,Hershey,Hershey,80,145,225,145,225,145,225,145,225,145,225,145,225,145,225,145,225,196,276,196,276,196,276,145,225
492,TX,Pecos,Reeves,74,121,195,121,195,121,195,121,195,121,195,121,195,121,195,121,195,121,195,121,195,121,195,121,195
493,CO,Grand Lake,Grand,86,145,231,145,231,173,259,173,259,173,259,173,259,122,208,122,208,145,231,145,231,145,231,145,231
494,GA,Marietta,Cobb,74,126,200,126,200,126,200,126,200,126,200,126,200,126,200,126,200,126,200,126,200,126,200,126,200
495,ID,Boise,Ada,86,191,277,167,253,167,253,167,253,167,253,167,253,167,253,167,253,191,277,191,277,191,277,191,277
496,MT,Kalispell/Whitefish,Flathead,80,124,204,124,204,124,204,124,204,124,204,124,204,124,204,124,204,124,204,232,312,232,312,232,312
